component_id,component_type,error_name,created
GR003159,ground,goto_finished_off_sticker,1682812996.568834
GR003159,ground,corners_cv_started,1682812996.926863
GR003159,ground,corners_cv_succeeded,1682812997.010134
GR003261,ground,goto_finished_off_sticker,1682813071.266367
GR003264,ground,goto_finished_off_sticker,1682813688.537761
GR003264,ground,corners_cv_started,1682813688.565185
GR003264,ground,goto_started_off_sticker,1682813696.031857
GR003291,ground,goto_finished_off_sticker,1682813905.570015
GR003291,ground,corners_cv_started,1682813906.349235
GR003291,ground,corners_cv_succeeded,1682813906.352451
GR003283,ground,goto_finished_off_sticker,1682814078.278116
GR003283,ground,corners_cv_started,1682814078.302218
GR003283,ground,corners_cv_succeeded,1682814078.95106
GR003283,ground,corners_cv_irrelevant,1682814078.951597
GR003283,ground,corners_cv_started,1682814089.461557
GR003283,ground,corners_cv_succeeded,1682814089.56231
GR003242,ground,missing_sticker,1682814637.934147
GR003277,ground,goto_finished_off_sticker,1682814660.077982
GR003277,ground,corners_cv_started,1682814660.103681
GR003277,ground,corners_cv_succeeded,1682814660.139137
GR003215,ground,goto_finished_off_sticker,1682814732.002707
GR003215,ground,corners_cv_started,1682814732.027598
GR003215,ground,corners_cv_succeeded,1682814732.839779
LR00002254,lift,fine_positioning_tote_centering_after_hs_error,1682815631.351867
LR00002254,lift,auto_reset_agent,1682815652.184482
GR003283,ground,goto_finished_off_sticker,1682815765.705738
GR003283,ground,corners_cv_started,1682815765.726111
GR003283,ground,corners_cv_succeeded,1682815765.729568
GR003277,ground,goto_finished_off_sticker,1682815857.613216
GR003277,ground,corners_cv_started,1682815858.373464
GR003277,ground,corners_cv_succeeded,1682815858.585628
GR003221,ground,goto_finished_off_sticker,1682816196.050834
GR003221,ground,corners_cv_started,1682816196.095673
GR003221,ground,corners_cv_succeeded,1682816196.888781
GR003295,ground,goto_finished_off_sticker,1682816277.509453
GR003295,ground,corners_cv_started,1682816277.557221
GR003295,ground,corners_cv_succeeded,1682816277.571091
GR003068,ground,goto_finished_off_sticker,1682816519.284479
GR003068,ground,corners_cv_started,1682816519.301432
GR003068,ground,corners_cv_succeeded,1682816519.341758
GR003068,ground,corners_cv_irrelevant,1682816519.35168
GR003068,ground,goto_started_off_sticker,1682816560.013367
GR003068,ground,missing_sticker,1682816562.136373
GR003068,ground,missing_sticker,1682816563.274384
GR003068,ground,missing_stickers,1682816569.530275
GR003068,ground,signup_no_sticker,1682816569.667035
GR003270,ground,goto_finished_off_sticker,1682817125.972308
GR003270,ground,corners_cv_started,1682817125.984945
GR003270,ground,corners_cv_succeeded,1682817125.993965
GR003295,ground,goto_finished_off_sticker,1682818109.045592
GR003295,ground,corners_cv_started,1682818109.067277
GR003295,ground,corners_cv_succeeded,1682818109.103024
GR003291,ground,goto_finished_off_sticker,1682818179.514361
GR003291,ground,corners_cv_started,1682818179.575503
GR003291,ground,corners_cv_succeeded,1682818179.591592
GR003068,ground,auto_reset_agent,1682818217.82512
GR003082,ground,goto_finished_off_sticker,1682818571.177406
GR003082,ground,corners_cv_started,1682818571.199835
GR003082,ground,corners_cv_succeeded,1682818571.837308
GR003082,ground,corners_cv_irrelevant,1682818571.854658
GR003212,ground,goto_finished_off_sticker,1682819077.327834
GR003212,ground,corners_cv_started,1682819077.340546
GR003212,ground,corners_cv_succeeded,1682819077.38641
GR003165,ground,periodic_goto_timeout,1682819356.404792
GR003165,ground,auto_reset_agent,1682819356.455973
GR003120,ground,missing_sticker,1682822586.279842
LR00002288,lift,auto_reset_agent,1682826432.509928
GR003263,ground,goto_finished_off_sticker,1682828978.719321
GR003263,ground,corners_cv_started,1682828979.178737
GR003263,ground,corners_cv_succeeded,1682828979.345386
GR003280,ground,missing_sticker,1682830166.878757
GR003165,ground,periodic_goto_timeout,1682830176.500863
GR003165,ground,auto_reset_agent,1682830176.620809
GR003165,ground,read_data_matrix_timeout,1682830240.193541
LR00002288,lift,reset_agent_by_user,1682831330.218793
LR00002120,lift,reset_agent_by_user,1682831342.69203
GR003156,ground,ground_not_responding,1682832212.489023
GR003156,ground,goto_timeout,1682832240.297017
GR003156,ground,auto_reset_agent,1682832240.345824
GR003275,ground,turn_timeout,1682832741.280146
GR003275,ground,auto_reset_agent,1682832743.359595
GR003227,ground,auto_reset_agent,1682832755.906564
GR003165,ground,ground_not_responding,1682832916.289995
GR003165,ground,goto_timeout,1682832938.05301
GR003165,ground,auto_reset_agent,1682832938.209245
GR003165,ground,offline,1682833207.196829
GR003275,ground,turn_timeout,1682835381.781655
GR003275,ground,auto_reset_agent,1682835383.456295
GR003275,ground,robot_version_timeout,1682835422.007954
GR003275,ground,robot_version_timeout,1682835432.007743
GR003227,ground,periodic_goto_timeout,1682835624.025641
GR003227,ground,auto_reset_agent,1682835624.779164
GR003227,ground,robot_version_timeout,1682835652.438266
GR003227,ground,read_data_matrix_timeout,1682835699.976184
GR003254,ground,validate_sticker_timeout,1682835880.237275
GR003251,ground,goto_finished_off_sticker,1682835969.675208
GR003251,ground,corners_cv_started,1682835969.690153
GR003251,ground,turn_started_off_sticker,1682835971.74038
GR003251,ground,workaround_started,1682835972.28544
GR003251,ground,goto_finished_off_sticker,1682835973.471935
GR003251,ground,corners_cv_started,1682835973.500165
GR003251,ground,workaround_dismissed,1682835974.607301
GR003251,ground,workaround_failed,1682835975.534916
GR003251,ground,corners_cv_started,1682835996.666046
GR003251,ground,turn_finished_off_sticker,1682836001.936887
GR003251,ground,signup_no_sticker,1682836002.06788
LR00002288,lift,auto_reset_agent,1682836435.323049
LR00002120,lift,auto_reset_agent,1682836438.136488
LR00002267,lift,auto_reset_agent,1682836482.446748
LR00002113,lift,auto_reset_agent,1682836484.668525
LR00002282,lift,auto_reset_agent,1682836487.179101
GR003251,ground,safety_entered,1682836755.867104
GR003251,ground,robot_restarted,1682836757.167052
GR003251,ground,auto_reset_agent,1682836757.614106
LR00002282,lift,auto_reset_agent,1682836875.45358
LR00002288,lift,auto_reset_agent,1682836878.652881
LR00002120,lift,auto_reset_agent,1682836880.177629
LR00002267,lift,auto_reset_agent,1682836882.066419
LR00002113,lift,auto_reset_agent,1682836884.844564
LR00002267,lift,auto_reset_agent,1682837130.965921
GR003227,ground,periodic_goto_timeout,1682837253.867689
GR003227,ground,auto_reset_agent,1682837254.207954
LR00002265,lift,conveyor_not_success_to_pull_the_tote_while_loading,1682837353.070803
GR003267,ground,missing_sticker,1682837601.701316
LR00002265,lift,lift_not_responding,1682838761.558092
LR00002093,lift,auto_reset_agent,1682838787.474526
LR00002114,lift,auto_reset_agent,1682838790.221121
LR00002221,lift,auto_reset_agent,1682838791.966035
LR00002087,lift,auto_reset_agent,1682838793.264403
LR00002265,lift,auto_reset_agent,1682839033.578731
LR00002265,lift,auto_reset_agent,1682839059.402601
GR003165,ground,turn_timeout,1682839248.810129
GR003165,ground,auto_reset_agent,1682839248.968956
GR003227,ground,periodic_goto_timeout,1682839830.460512
GR003227,ground,auto_reset_agent,1682839830.487433
LR00002093,lift,auto_reset_agent,1682841300.984179
GR003165,ground,turn_timeout,1682843610.481999
GR003165,ground,auto_reset_agent,1682843611.554065
GR003246,ground,goto_finished_off_sticker,1682845946.439197
GR003246,ground,corners_cv_started,1682845946.4498
GR003246,ground,corners_cv_succeeded,1682845947.289319
GR003246,ground,corners_cv_irrelevant,1682845947.327996
GR003212,ground,missing_sticker,1682846176.508121
GR003294,ground,ground_not_responding,1682846812.458685
GR003294,ground,periodic_goto_timeout,1682846817.693312
GR003294,ground,auto_reset_agent,1682846817.905609
GR003295,ground,missing_sticker,1682846859.252685
GR003297,ground,goto_finished_off_sticker,1682847020.323836
GR003297,ground,corners_cv_started,1682847021.754504
GR003297,ground,corners_cv_succeeded,1682847021.771356
GR003212,ground,missing_sticker,1682847493.298293
GR003227,ground,turn_timeout,1682847730.207638
GR003227,ground,auto_reset_agent,1682847730.762536
GR003273,ground,missing_sticker,1682847802.223481
GR003282,ground,goto_finished_off_sticker,1682848606.327595
GR003282,ground,corners_cv_started,1682848606.341836
GR003282,ground,corners_cv_succeeded,1682848606.377417
GR003282,ground,corners_cv_irrelevant,1682848606.387478
GR003221,ground,goto_finished_off_sticker,1682848680.379748
GR003221,ground,corners_cv_started,1682848680.420962
GR003227,ground,ground_not_responding,1682848737.07422
GR003227,ground,robot_restarted,1682848742.500561
GR003227,ground,auto_reset_agent,1682848742.589579
GR003298,ground,missing_sticker,1682849322.977592
GR003165,ground,turn_timeout,1682849626.28173
GR003165,ground,auto_reset_agent,1682849628.405178
GR003130,ground,missing_sticker,1682850269.792994
GR003270,ground,auto_reset_agent,1682850295.049238
GR003267,ground,missing_sticker,1682850438.954283
GR003212,ground,missing_sticker,1682851809.685429
GR003267,ground,missing_sticker,1682852267.627854
GR003165,ground,periodic_goto_timeout,1682853939.523621
GR003165,ground,auto_reset_agent,1682853939.928175
GR003255,ground,missing_sticker,1682854022.809994
LR00002222,lift,fine_positioning_tote_centering_after_hs_error,1682854495.975858
LR00002222,lift,auto_reset_agent,1682854506.272829
LR00002222,lift,fine_position_not_success_while_loading_not_all_4_sensors_are_on,1682854525.384258
LR00002222,lift,fine_position_not_success_while_loading_not_all_4_sensors_are_on,1682854717.327095
LR00002222,lift,fine_position_not_success_while_loading_not_all_4_sensors_are_on,1682854957.581906
GR003264,ground,missing_sticker,1682855141.174807
LR00002222,lift,fine_position_not_success_while_loading_not_all_4_sensors_are_on,1682855198.045079
LR00002222,lift,fine_position_not_success_while_loading_not_all_4_sensors_are_on,1682855438.234272
GR003178,ground,missing_sticker,1682855640.601696
LR00002222,lift,fine_position_not_success_while_loading_not_all_4_sensors_are_on,1682855678.621187
LR00002222,lift,fine_position_not_success_while_loading_not_all_4_sensors_are_on,1682855918.900237
LR00002222,lift,fine_position_not_success_while_loading_not_all_4_sensors_are_on,1682856159.221023
LR00002222,lift,fine_position_not_success_while_loading_not_all_4_sensors_are_on,1682856399.473794
GR003165,ground,turn_timeout,1682856501.53038
GR003165,ground,auto_reset_agent,1682856502.728937
GR003165,ground,robot_version_timeout,1682856527.906977
GR003263,ground,missing_sticker,1682856543.994771
GR003165,ground,read_data_matrix_timeout,1682856579.407181
LR00002222,lift,auto_reset_agent,1682856595.405679
GR003267,ground,missing_sticker,1682857933.175218
LR00002265,lift,conveyor_not_success_to_pull_the_tote_while_loading,1682861606.028467
GR003281,ground,corners_cv_started,1682861911.854313
GR003281,ground,corners_cv_succeeded,1682861912.057694
GR003281,ground,corners_cv_irrelevant,1682861912.108918
GR003275,ground,turn_timeout,1682862108.939513
GR003275,ground,auto_reset_agent,1682862109.230874
LR00002265,lift,auto_reset_agent,1682862174.604294
GR003227,ground,robot_restarted,1682863613.075937
GR003227,ground,auto_reset_agent,1682863614.048415
GR003215,ground,missing_sticker,1682865434.610528
GR003165,ground,turn_timeout,1682865637.427923
GR003165,ground,auto_reset_agent,1682865638.228412
GR003210,ground,tote_mismatch_error,1682865694.755823
GR003210,ground,auto_reset_agent,1682865702.811072
GR003295,ground,missing_sticker,1682866437.011651
GR003283,ground,missing_sticker,1682866581.418054
GR003227,ground,periodic_goto_timeout,1682866621.169219
GR003227,ground,auto_reset_agent,1682866622.480705
GR003233,ground,signup_no_sticker,1682866878.366457
GR003211,ground,conflicting_tote_switch,1682866894.088717
GR003211,ground,auto_reset_agent,1682866897.701454
GR003167,ground,signup_no_sticker,1682867148.805402
GR003167,ground,safety_entered,1682867149.454405
GR003270,ground,missing_sticker,1682867228.084414
GR003074,ground,conflicting_tote_switch,1682867421.178817
GR003074,ground,auto_reset_agent,1682867424.386119
GR003264,ground,missing_sticker,1682867467.17233
GR003156,ground,conflicting_tote_switch,1682867489.79558
GR003156,ground,auto_reset_agent,1682867496.215144
GR003247,ground,conflicting_tote_switch,1682867519.734599
GR003287,ground,missing_sticker,1682867520.900252
GR003247,ground,auto_reset_agent,1682867525.581777
GR003168,ground,conflicting_tote_switch,1682867536.163747
GR003168,ground,auto_reset_agent,1682867541.240446
GR003157,ground,conflicting_tote_switch,1682867577.996947
GR003157,ground,auto_reset_agent,1682867584.665389
GR003076,ground,conflicting_tote_switch,1682867701.19757
GR003076,ground,auto_reset_agent,1682867704.336845
GR003287,ground,conflicting_tote_switch,1682867748.13585
GR003287,ground,auto_reset_agent,1682867750.922231
GR003227,ground,periodic_goto_timeout,1682868077.517701
GR003227,ground,auto_reset_agent,1682868077.693511
GR003244,ground,conflicting_tote_switch,1682868101.47034
GR003244,ground,auto_reset_agent,1682868103.708503
GR003264,ground,missing_sticker,1682868248.962881
GR003274,ground,conflicting_tote_switch,1682868827.390896
GR003274,ground,auto_reset_agent,1682868830.144226
GR003098,ground,conflicting_tote_switch,1682868907.580745
GR003098,ground,auto_reset_agent,1682868909.449042
GR003227,ground,turn_timeout,1682869270.04774
GR003227,ground,auto_reset_agent,1682869270.427227
GR003294,ground,periodic_goto_timeout,1682869513.416885
GR003294,ground,auto_reset_agent,1682869514.424399
GR003270,ground,missing_sticker,1682869627.139077
GR003177,ground,missing_sticker,1682870031.083756
GR003264,ground,missing_sticker,1682870062.197312
GR003230,ground,missing_sticker,1682870226.661243
GR003294,ground,periodic_goto_timeout,1682873638.511073
GR003294,ground,auto_reset_agent,1682873638.528548
GR003199,ground,missing_sticker,1682874783.244732
GR003165,ground,turn_timeout,1682875700.064359
GR003165,ground,auto_reset_agent,1682875700.892461
GR003275,ground,periodic_goto_timeout,1682875812.107683
GR003275,ground,auto_reset_agent,1682875812.213631
GR003275,ground,read_data_matrix_timeout,1682875879.636918
LR00002265,lift,conveyor_not_success_to_pull_the_tote_while_loading,1682876715.219974
GR003215,ground,missing_sticker,1682877391.061155
GR003295,ground,missing_sticker,1682877686.745269
LR00002265,lift,auto_reset_agent,1682877962.447591
GR003068,ground,auto_reset_agent,1682878104.473979
GR003068,ground,reset_agent_by_user,1682878497.866231
GR003168,ground,offline,1682878549.675304
GR003068,ground,safety_entered,1682878585.716205
GR003068,ground,robot_restarted,1682878586.936529
GR003068,ground,auto_reset_agent,1682878587.328077
GR003239,ground,safety_entered,1682878592.436439
GR003239,ground,robot_restarted,1682878594.170563
GR003239,ground,auto_reset_agent,1682878594.375778
GR003068,ground,goto_finished_off_sticker,1682878612.035018
GR003068,ground,corners_cv_started,1682878612.308779
GR003068,ground,goto_started_off_sticker,1682878612.559992
GR003068,ground,missing_sticker,1682878613.716666
GR003068,ground,missing_sticker,1682878614.569901
GR003068,ground,missing_stickers,1682878624.222082
GR003068,ground,signup_no_sticker,1682878624.29747
GR003068,ground,safety_entered,1682878634.446954
GR003068,ground,ground_not_responding,1682878706.287879
GR003068,ground,read_data_matrix_timeout,1682878713.961436
GR003068,ground,robot_location_unknown,1682878734.162306
GR003068,ground,auto_reset_agent,1682878734.182916
GR003165,ground,turn_timeout,1682879904.694919
GR003165,ground,auto_reset_agent,1682879904.758791
GR003165,ground,robot_version_timeout,1682879945.523838
GR003165,ground,robot_version_timeout,1682879955.52321
GR003165,ground,robot_version_timeout,1682879965.522918
GR003165,ground,auto_reset_agent,1682879965.556726
GR003165,ground,offline,1682880221.51055
GR003165,ground,turn_timeout,1682882921.253777
GR003165,ground,auto_reset_agent,1682882921.353842
GR003200,ground,missing_sticker,1682882934.994967
GR003227,ground,turn_timeout,1682883351.823405
GR003227,ground,auto_reset_agent,1682883353.966242
GR003297,ground,missing_sticker,1682884194.057947
GR003297,ground,missing_sticker,1682884204.742869
GR003212,ground,missing_sticker,1682885631.796101
GR003159,ground,auto_reset_agent,1682886059.999839
GR003165,ground,periodic_goto_timeout,1682886714.841579
GR003165,ground,auto_reset_agent,1682886714.866886
GR003264,ground,missing_sticker,1682887265.222639
GR003283,ground,missing_sticker,1682887559.342621
GR003277,ground,missing_sticker,1682888542.62871
GR003275,ground,missing_sticker,1682888727.219096
GR003294,ground,periodic_goto_timeout,1682889719.576598
GR003294,ground,auto_reset_agent,1682889719.601519
GR003295,ground,missing_sticker,1682890272.425183
GR003275,ground,missing_sticker,1682891026.862197
GR003298,ground,missing_sticker,1682891227.51961
GR003264,ground,missing_sticker,1682894220.609592
LR00002100,lift,fine_positioning_tote_centering_after_hs_error,1682895899.882761
LR00002100,lift,auto_reset_agent,1682895949.647049
LR00002100,lift,fine_position_not_success_while_loading_not_all_4_sensors_are_on,1682895968.06524
LR00002100,lift,fine_position_not_success_while_loading_not_all_4_sensors_are_on,1682896169.678316
LR00002100,lift,fine_position_not_success_while_loading_not_all_4_sensors_are_on,1682896409.961336
GR003162,ground,robot_off_track,1682896581.37276
GR003162,ground,auto_reset_agent,1682896581.396194
GR003162,ground,signup_no_sticker,1682896599.590692
LR00002100,lift,fine_position_not_success_while_loading_not_all_4_sensors_are_on,1682896665.317902
GR003165,ground,periodic_goto_timeout,1682896741.606185
GR003165,ground,auto_reset_agent,1682896741.908628
GR003162,ground,signup_no_sticker,1682896840.651088
LR00002100,lift,fine_position_not_success_while_loading_not_all_4_sensors_are_on,1682896905.603745
GR003162,ground,signup_no_sticker,1682897080.019324
LR00002100,lift,fine_position_not_success_while_loading_not_all_4_sensors_are_on,1682897145.909433
GR003162,ground,signup_no_sticker,1682897320.832942
LR00002100,lift,fine_position_not_success_while_loading_not_all_4_sensors_are_on,1682897386.172461
GR003162,ground,signup_no_sticker,1682897560.259351
LR00002100,lift,fine_position_not_success_while_loading_not_all_4_sensors_are_on,1682897626.501005
GR003162,ground,signup_no_sticker,1682897801.670917
LR00002100,lift,fine_position_not_success_while_loading_not_all_4_sensors_are_on,1682897866.888407
GR003294,ground,turn_timeout,1682897936.942622
GR003294,ground,auto_reset_agent,1682897936.986295
LR00002100,lift,auto_reset_agent,1682898017.008656
GR003162,ground,signup_no_sticker,1682898042.811547
GR003162,ground,signup_no_sticker,1682898282.125084
GR003090,ground,robot_off_track,1682898485.3268
GR003090,ground,auto_reset_agent,1682898485.458632
GR003090,ground,following_y_error_during_movement,1682898507.207911
GR003090,ground,signup_no_sticker,1682898507.294532
GR003162,ground,signup_no_sticker,1682898523.059561
LR00002112,lift,actuator_can_not_lock,1682898585.749583
GR003090,ground,signup_no_sticker,1682898706.195327
GR003162,ground,signup_no_sticker,1682898762.284364
LR00002112,lift,auto_reset_agent,1682898772.271372
GR003090,ground,signup_no_sticker,1682898945.357094
GR003162,ground,signup_no_sticker,1682899003.481695
GR003090,ground,signup_no_sticker,1682899186.521268
GR003162,ground,signup_no_sticker,1682899242.704996
GR003090,ground,signup_no_sticker,1682899427.697658
GR003162,ground,signup_no_sticker,1682899483.699311
GR003294,ground,periodic_goto_timeout,1682899641.829045
GR003294,ground,auto_reset_agent,1682899641.885328
GR003090,ground,signup_no_sticker,1682899666.677701
GR003162,ground,signup_no_sticker,1682899724.957025
LR00002111,lift,fine_positioning_tote_centering_after_hs_error,1682899840.669233
LR00002111,lift,auto_reset_agent,1682899850.734018
LR00002111,lift,fine_position_not_success_while_loading_not_all_4_sensors_are_on,1682899871.976168
GR003090,ground,signup_no_sticker,1682899908.006846
GR003162,ground,signup_no_sticker,1682899964.263613
LR00002111,lift,fine_position_not_success_while_loading_not_all_4_sensors_are_on,1682900086.619459
GR003090,ground,signup_no_sticker,1682900149.023512
GR003162,ground,reset_agent_by_user,1682900212.236142
GR003162,ground,robot_off_track,1682900237.775657
GR003162,ground,auto_reset_agent,1682900238.36914
GR003162,ground,signup_no_sticker,1682900243.997092
LR00002111,lift,auto_reset_agent,1682900265.204847
GR003162,ground,signup_no_sticker,1682900469.031392
GR003090,ground,robot_restarted,1682900543.854773
GR003090,ground,auto_reset_agent,1682900543.893702
GR003090,ground,signup_no_sticker,1682900562.069248
GR003162,ground,signup_no_sticker,1682900710.113524
GR003090,ground,signup_no_sticker,1682900744.922984
GR003162,ground,signup_no_sticker,1682900951.37456
GR003090,ground,signup_no_sticker,1682900986.087475
GR003162,ground,signup_no_sticker,1682901190.593967
GR003090,ground,signup_no_sticker,1682901225.370709
GR003162,ground,signup_no_sticker,1682901431.828575
GR003090,ground,signup_no_sticker,1682901466.663708
GR003162,ground,signup_no_sticker,1682901671.116616
GR003090,ground,signup_no_sticker,1682901705.857036
GR003162,ground,signup_no_sticker,1682901912.371732
GR003090,ground,signup_no_sticker,1682901947.119844
GR003162,ground,signup_no_sticker,1682902153.660552
GR003090,ground,signup_no_sticker,1682902188.258103
GR003162,ground,signup_no_sticker,1682902392.90971
GR003090,ground,signup_no_sticker,1682902427.420572
GR003162,ground,signup_no_sticker,1682902634.172045
GR003090,ground,signup_no_sticker,1682902668.722894
GR003162,ground,signup_no_sticker,1682902873.484525
GR003090,ground,signup_no_sticker,1682902909.280947
GR003162,ground,signup_no_sticker,1682903114.567725
GR003090,ground,signup_no_sticker,1682903148.508733
GR003162,ground,signup_no_sticker,1682903355.887414
GR003090,ground,signup_no_sticker,1682903389.770285
GR003227,ground,periodic_goto_timeout,1682903391.026997
GR003227,ground,auto_reset_agent,1682903391.045855
GR003162,ground,signup_no_sticker,1682903595.085046
GR003090,ground,signup_no_sticker,1682903630.942012
GR003162,ground,signup_no_sticker,1682903836.319982
GR003090,ground,signup_no_sticker,1682903870.071172
GR003162,ground,goto_finished_off_sticker,1682903962.931784
GR003162,ground,corners_cv_started,1682903962.955269
GR003162,ground,goto_finished_off_sticker,1682903965.127936
GR003162,ground,corners_cv_started,1682903965.156033
GR003090,ground,robot_restarted,1682904035.205709
GR003090,ground,auto_reset_agent,1682904035.443792
GR003090,ground,signup_no_sticker,1682904053.388702
GR003162,ground,robot_restarted,1682904083.781866
GR003162,ground,reset_agent_by_user,1682904084.226139
GR003090,ground,robot_restarted,1682904202.919224
GR003090,ground,auto_reset_agent,1682904204.031593
GR003090,ground,signup_no_sticker,1682904225.340177
GR003090,ground,robot_restarted,1682904483.415812
GR003090,ground,auto_reset_agent,1682904483.836158
GR003090,ground,signup_no_sticker,1682904501.665512
GR003213,ground,reset_agent_by_user,1682904677.555818
GR003090,ground,safety_entered,1682904851.299705
GR003090,ground,robot_restarted,1682904851.520354
GR003090,ground,auto_reset_agent,1682904851.549879
GR003090,ground,signup_no_sticker,1682904911.888666
GR003156,ground,turn_timeout,1682905379.383812
GR003156,ground,auto_reset_agent,1682905382.14717
GR003165,ground,turn_timeout,1682906997.021791
GR003165,ground,auto_reset_agent,1682906997.530147
GR003266,ground,missing_sticker,1682907575.385713
GR003275,ground,turn_timeout,1682908794.68016
GR003275,ground,auto_reset_agent,1682908795.115999
GR003297,ground,missing_sticker,1682914860.674349
GR003291,ground,missing_sticker,1682915208.799009
GR003165,ground,turn_timeout,1682916679.296023
GR003165,ground,auto_reset_agent,1682916679.560144
GR003294,ground,turn_timeout,1682917077.182354
GR003294,ground,auto_reset_agent,1682917077.636957
GR003227,ground,turn_timeout,1682918982.124945
GR003227,ground,auto_reset_agent,1682918984.169908
GR003294,ground,robot_restarted,1682919582.332894
GR003294,ground,auto_reset_agent,1682919583.292132
GR003298,ground,missing_sticker,1682920739.409293
GR003291,ground,missing_sticker,1682921369.88091
GR003264,ground,missing_sticker,1682922298.879931
GR003165,ground,turn_timeout,1682922860.860369
GR003165,ground,auto_reset_agent,1682922863.329988
GR003159,ground,missing_sticker,1682922975.155635
GR003227,ground,periodic_goto_timeout,1682923331.576193
GR003227,ground,auto_reset_agent,1682923331.621099
GR003227,ground,read_data_matrix_timeout,1682923390.362426
GR003221,ground,missing_sticker,1682923746.63724
GR003080,ground,missing_sticker,1682924236.660918
GR003290,ground,missing_sticker,1682924471.897923
GR003215,ground,missing_sticker,1682924614.74949
GR003282,ground,missing_sticker,1682924924.21062
GR003298,ground,missing_sticker,1682925088.545489
GR003153,ground,missing_sticker,1682925522.439615
LR00002264,lift,auto_reset_agent,1682929678.572523
GR003264,ground,missing_sticker,1682930490.295531
GR003275,ground,turn_timeout,1682932271.129302
GR003275,ground,auto_reset_agent,1682932272.297002
LR00002265,lift,conveyor_not_success_to_pull_the_tote_while_loading,1682932774.15554
GR003165,ground,periodic_goto_timeout,1682933581.404071
GR003165,ground,auto_reset_agent,1682933581.457202
GR003165,ground,read_data_matrix_timeout,1682933652.067824
LR00002265,lift,reset_agent_by_user,1682933685.833591
GR003275,ground,missing_sticker,1682935132.532909
GR003159,ground,missing_sticker,1682935494.224141
GR003230,ground,missing_sticker,1682936373.70261
GR003120,ground,missing_sticker,1682938246.239989
GR003095,ground,missing_sticker,1682938273.81633
GR003240,ground,turn_timeout,1682939447.060462
GR003240,ground,auto_reset_agent,1682939449.11104
GR003227,ground,robot_restarted,1682941020.983773
GR003227,ground,auto_reset_agent,1682941021.330163
GR003272,ground,following_x_error_during_movement,1682941134.649589
GR003272,ground,periodic_goto_timeout,1682941179.801577
GR003272,ground,auto_reset_agent,1682941179.823758
GR003272,ground,signup_no_sticker,1682941198.024719
GR003272,ground,reset_agent_by_user,1682941252.921306
GR003165,ground,periodic_goto_timeout,1682941341.091784
GR003165,ground,auto_reset_agent,1682941341.133877
GR003165,ground,read_data_matrix_timeout,1682941407.599084
GR003207,ground,missing_sticker,1682942416.501036
GR003158,ground,missing_sticker,1682943135.92424
GR003294,ground,turn_timeout,1682944361.546708
GR003294,ground,auto_reset_agent,1682944362.067214
GR003187,ground,missing_sticker,1682945241.388182
LR00002265,lift,conveyor_not_success_to_pull_the_tote_while_loading,1682945661.37991
GR003294,ground,periodic_goto_timeout,1682945824.186343
GR003294,ground,auto_reset_agent,1682945825.062031
GR003294,ground,robot_version_timeout,1682945855.959628
GR003294,ground,robot_version_timeout,1682945865.961392
GR003294,ground,robot_version_timeout,1682945875.961617
GR003294,ground,auto_reset_agent,1682945876.875769
GR003294,ground,offline,1682946130.830192
GR003195,ground,missing_sticker,1682946141.6067
GR003195,ground,robot_off_track,1682946142.31038
GR003195,ground,auto_reset_agent,1682946142.527446
GR003195,ground,following_y_error_during_movement,1682946158.698066
GR003195,ground,signup_no_sticker,1682946158.78221
LR00002265,lift,auto_reset_agent,1682946172.175033
GR003195,ground,signup_no_sticker,1682946345.558791
GR003195,ground,auto_reset_agent,1682946458.79136
GR003261,ground,corners_cv_started,1682946710.207838
GR003261,ground,turn_finished_off_sticker,1682946717.821125
GR003261,ground,signup_no_sticker,1682946718.566108
GR003195,ground,offline,1682946727.578874
GR003261,ground,auto_reset_agent,1682946798.975415
GR003258,ground,missing_sticker,1682947200.185265
GR003227,ground,turn_timeout,1682947393.885846
GR003227,ground,auto_reset_agent,1682947393.932561
GR003227,ground,read_data_matrix_timeout,1682947467.688683
GR003195,ground,signup_no_sticker,1682947992.192368
GR003195,ground,signup_no_sticker,1682948233.064819
GR003195,ground,signup_no_sticker,1682948473.559984
GR003195,ground,goto_finished_off_sticker,1682948673.384285
GR003195,ground,corners_cv_started,1682948673.386316
GR003195,ground,auto_reset_agent,1682948673.526152
GR003195,ground,offline,1682948932.003766
GR003266,ground,missing_sticker,1682948970.869221
GR003297,ground,missing_sticker,1682949185.460482
GR003227,ground,auto_reset_agent,1682949490.142587
GR003195,ground,reset_agent_by_user,1682949687.788428
GR003275,ground,missing_sticker,1682949820.469148
GR003227,ground,turn_timeout,1682951238.757979
GR003227,ground,auto_reset_agent,1682951241.73249
GR003195,ground,signup_no_sticker,1682951842.085889
GR003294,ground,turn_timeout,1682951870.096281
GR003294,ground,auto_reset_agent,1682951870.14396
GR003195,ground,reset_agent_by_user,1682951934.820572
GR003280,ground,missing_sticker,1682952002.369156
LR00002265,lift,plc_ack_timeout,1682952969.849705
GR003298,ground,goto_finished_off_sticker,1682953039.751221
GR003298,ground,corners_cv_started,1682953040.255106
GR003298,ground,turn_started_off_sticker,1682953041.792115
GR003298,ground,workaround_started,1682953042.333219
GR003298,ground,goto_finished_off_sticker,1682953043.55508
GR003298,ground,corners_cv_started,1682953043.582411
GR003298,ground,workaround_dismissed,1682953044.976439
GR003298,ground,workaround_failed,1682953046.132025
LR00002265,lift,auto_reset_agent,1682953066.282528
GR003237,ground,conflicting_tote_switch,1682953487.68093
GR003237,ground,auto_reset_agent,1682953489.831909
GR003156,ground,conflicting_tote_switch,1682953572.11841
GR003156,ground,auto_reset_agent,1682953575.420142
GR003199,ground,conflicting_tote_switch,1682953614.997894
GR003199,ground,auto_reset_agent,1682953617.916242
GR003245,ground,conflicting_tote_switch,1682953761.870185
GR003245,ground,auto_reset_agent,1682953764.305593
GR003260,ground,conflicting_tote_switch,1682953848.62969
GR003260,ground,auto_reset_agent,1682953852.141674
GR003240,ground,missing_sticker,1682953967.601809
GR003194,ground,conflicting_tote_switch,1682954385.940756
GR003194,ground,auto_reset_agent,1682954388.219061
GR003157,ground,conflicting_tote_switch,1682954431.479328
GR003261,ground,missing_sticker,1682954635.651753
GR003157,ground,auto_reset_agent,1682954727.717121
GR003276,ground,conflicting_tote_switch,1682954795.106318
GR003276,ground,auto_reset_agent,1682954797.938768
GR003067,ground,goto_finished_off_sticker,1682955447.988069
GR003067,ground,corners_cv_started,1682955448.002838
GR003067,ground,corners_cv_succeeded,1682955448.025281
GR003067,ground,corners_cv_started,1682955449.914015
GR003067,ground,turn_finished_off_sticker,1682955457.576394
GR003067,ground,signup_no_sticker,1682955457.790613
GR003270,ground,missing_sticker,1682955540.03981
GR003270,ground,missing_sticker,1682955540.651773
GR003270,ground,missing_stickers,1682955542.39451
GR003270,ground,signup_no_sticker,1682955542.493212
GR003067,ground,reset_agent_by_user,1682956431.778914
GR003270,ground,auto_reset_agent,1682956452.289365
GR003067,ground,auto_reset_agent,1682956550.452843
GR003067,ground,auto_reset_agent,1682956819.048472
GR003267,ground,goto_finished_off_sticker,1682956931.839235
GR003267,ground,corners_cv_started,1682956931.881897
GR003267,ground,corners_cv_succeeded,1682956932.302643
GR003067,ground,safety_entered,1682957213.516051
GR003067,ground,robot_restarted,1682957215.019732
GR003067,ground,auto_reset_agent,1682957215.21642
GR003067,ground,signup_bad_sticker,1682957347.846095
GR003186,ground,turn_timeout,1682957896.319941
GR003186,ground,auto_reset_agent,1682957898.55466
GR003287,ground,missing_sticker,1682958073.728699
GR003194,ground,goto_finished_off_sticker,1682958101.500446
GR003194,ground,corners_cv_started,1682958101.525826
GR003194,ground,goto_started_off_sticker,1682958115.177546
GR003194,ground,goto_finished_off_sticker,1682958119.152784
GR003194,ground,corners_cv_started,1682958119.1661
GR003194,ground,turn_started_off_sticker,1682958121.168928
GR003194,ground,workaround_started,1682958121.68907
GR003194,ground,goto_finished_off_sticker,1682958122.911596
GR003194,ground,corners_cv_started,1682958122.962639
GR003194,ground,workaround_failed,1682958124.545194
GR003194,ground,signup_no_sticker,1682958124.612698
GR003282,ground,robot_off_track,1682958126.150236
GR003282,ground,auto_reset_agent,1682958126.392875
GR003282,ground,signup_no_sticker,1682958146.790339
GR003194,ground,reset_agent_by_user,1682958180.061391
GR003194,ground,signup_no_sticker,1682958201.03735
GR003194,ground,auto_reset_agent,1682958236.841779
GR003194,ground,signup_no_sticker,1682958241.23857
GR003165,ground,robot_restarted,1682958334.23678
GR003165,ground,auto_reset_agent,1682958334.262848
GR003031,ground,missing_sticker,1682958339.014324
GR003031,ground,goto_finished_off_sticker,1682958342.392023
GR003031,ground,corners_cv_started,1682958342.40107
GR003031,ground,goto_started_off_sticker,1682958342.504703
GR003031,ground,missing_sticker,1682958345.816307
GR003031,ground,robot_off_track,1682958345.849979
GR003031,ground,auto_reset_agent,1682958345.874785
GR003031,ground,following_y_error_during_movement,1682958367.733816
GR003031,ground,signup_no_sticker,1682958367.806094
GR003098,ground,goto_finished_off_sticker,1682958375.712719
GR003098,ground,corners_cv_started,1682958375.756076
GR003098,ground,goto_started_off_sticker,1682958401.702909
GR003098,ground,missing_sticker,1682958402.878682
GR003282,ground,reset_agent_by_user,1682958410.747601
GR003284,ground,goto_finished_off_sticker,1682958412.510726
GR003284,ground,corners_cv_started,1682958412.569501
GR003284,ground,turn_started_off_sticker,1682958414.56883
GR003098,ground,missing_sticker,1682958414.844655
GR003284,ground,workaround_started,1682958415.079274
GR003284,ground,goto_finished_off_sticker,1682958416.490231
GR003284,ground,corners_cv_started,1682958416.524042
GR003284,ground,workaround_failed,1682958418.125234
GR003284,ground,signup_no_sticker,1682958418.188476
GR003098,ground,get_errors_timeout,1682958424.625396
GR003098,ground,auto_reset_agent,1682958424.647781
GR003098,ground,get_errors_timeout,1682958460.954647
GR003098,ground,auto_reset_agent,1682958460.990769
GR003098,ground,get_errors_timeout,1682958480.554541
GR003098,ground,auto_reset_agent,1682958481.594129
GR003098,ground,get_errors_timeout,1682958497.487773
GR003098,ground,auto_reset_agent,1682958497.517599
GR003098,ground,get_errors_timeout,1682958517.729034
GR003098,ground,auto_reset_agent,1682958517.749933
GR003098,ground,get_errors_timeout,1682958531.708218
GR003098,ground,auto_reset_agent,1682958531.744557
GR003098,ground,get_errors_timeout,1682958546.650937
GR003098,ground,auto_reset_agent,1682958546.801822
GR003282,ground,reset_agent_by_user,1682958564.676613
GR003098,ground,get_errors_timeout,1682958569.665693
GR003098,ground,auto_reset_agent,1682958569.713066
GR003031,ground,signup_no_sticker,1682958601.302508
GR003200,ground,missing_sticker,1682958604.73167
GR003098,ground,get_errors_timeout,1682958608.642128
GR003098,ground,auto_reset_agent,1682958608.81508
GR003137,ground,missing_sticker,1682958613.110249
GR003137,ground,missing_sticker,1682958614.665134
GR003137,ground,missing_stickers,1682958619.817367
GR003098,ground,get_errors_timeout,1682958623.648257
GR003098,ground,auto_reset_agent,1682958624.022911
GR003098,ground,get_errors_timeout,1682958641.664412
GR003098,ground,auto_reset_agent,1682958641.939587
GR003098,ground,get_errors_timeout,1682958661.771854
GR003098,ground,auto_reset_agent,1682958662.32558
GR003137,ground,read_data_matrix_timeout,1682958664.653358
GR003137,ground,signup_no_sticker,1682958664.700562
GR003098,ground,get_errors_timeout,1682958683.198525
GR003098,ground,auto_reset_agent,1682958683.254961
GR003227,ground,periodic_goto_timeout,1682958702.140324
GR003098,ground,get_errors_timeout,1682958702.384744
GR003227,ground,auto_reset_agent,1682958702.424698
GR003098,ground,auto_reset_agent,1682958702.49558
GR003098,ground,get_errors_timeout,1682958739.860179
GR003098,ground,auto_reset_agent,1682958740.062538
GR003098,ground,get_errors_timeout,1682958753.323659
GR003098,ground,auto_reset_agent,1682958753.350313
GR003227,ground,read_data_matrix_timeout,1682958768.426739
GR003098,ground,get_errors_timeout,1682958773.590242
GR003098,ground,auto_reset_agent,1682958773.948773
GR003098,ground,get_errors_timeout,1682958793.998415
GR003098,ground,auto_reset_agent,1682958800.917659
GR003294,ground,periodic_goto_timeout,1682958827.113413
GR003294,ground,auto_reset_agent,1682958827.342202
GR003098,ground,get_errors_timeout,1682958831.100672
GR003098,ground,auto_reset_agent,1682958831.475532
GR003031,ground,signup_no_sticker,1682958846.360738
GR003098,ground,get_errors_timeout,1682958862.908412
GR003098,ground,auto_reset_agent,1682958862.978997
GR003098,ground,get_errors_timeout,1682958880.520084
GR003098,ground,auto_reset_agent,1682958880.5403
GR003275,ground,robot_restarted,1682958891.611203
GR003275,ground,auto_reset_agent,1682958892.067171
GR003098,ground,get_errors_timeout,1682958898.449239
GR003098,ground,auto_reset_agent,1682958898.983899
GR003098,ground,get_errors_timeout,1682958922.879354
GR003098,ground,auto_reset_agent,1682958922.899709
GR003098,ground,get_errors_timeout,1682958941.668629
GR003098,ground,auto_reset_agent,1682958942.018538
GR003098,ground,get_errors_timeout,1682958954.558668
GR003098,ground,auto_reset_agent,1682958954.730033
GR003194,ground,safety_entered,1682958964.933604
GR003194,ground,imu_crash_detected,1682958965.159234
GR003098,ground,get_errors_timeout,1682958972.732638
GR003098,ground,auto_reset_agent,1682958972.797851
GR003221,ground,goto_finished_off_sticker,1682958979.261003
GR003221,ground,corners_cv_started,1682958979.310957
GR003137,ground,safety_entered,1682958980.843535
GR003221,ground,turn_started_off_sticker,1682958981.316938
GR003221,ground,workaround_started,1682958981.831447
GR003137,ground,robot_off_track,1682958982.225474
GR003137,ground,auto_reset_agent,1682958982.759708
GR003221,ground,goto_finished_off_sticker,1682958983.001089
GR003221,ground,corners_cv_started,1682958983.035859
GR003221,ground,workaround_failed,1682958984.946455
GR003221,ground,signup_no_sticker,1682958984.999501
GR003098,ground,get_errors_timeout,1682958987.037581
GR003098,ground,auto_reset_agent,1682958987.314739
GR003194,ground,read_data_matrix_timeout,1682959010.068396
GR003098,ground,get_errors_timeout,1682959013.851403
GR003098,ground,auto_reset_agent,1682959013.97269
GR003137,ground,robot_off_track,1682959028.833771
GR003137,ground,auto_reset_agent,1682959029.452012
GR003137,ground,signup_no_sticker,1682959032.952804
GR003031,ground,signup_no_sticker,1682959033.267661
GR003137,ground,missing_stickers,1682959039.228912
GR003106,ground,missing_sticker,1682959041.237073
GR003106,ground,missing_sticker,1682959042.300246
GR003106,ground,missing_stickers,1682959051.787095
GR003137,ground,read_data_matrix_timeout,1682959084.232727
GR003106,ground,read_data_matrix_timeout,1682959096.532411
GR003106,ground,signup_no_sticker,1682959096.578096
GR003106,ground,safety_entered,1682959102.885919
GR003137,ground,safety_entered,1682959111.147707
GR003106,ground,robot_location_unknown,1682959114.802086
GR003106,ground,auto_reset_agent,1682959115.768568
GR003031,ground,safety_entered,1682959128.622999
GR003031,ground,get_errors_timeout,1682959153.264828
GR003031,ground,auto_reset_agent,1682959154.690251
GR003284,ground,safety_entered,1682959165.970953
GR003137,ground,read_data_matrix_timeout,1682959174.232345
GR003031,ground,code_exception,1682959239.864582
GR003284,ground,corners_cv_started,1682959270.1055
GR003031,ground,ground_not_responding,1682959300.646091
GR003284,ground,ground_not_responding,1682959337.423151
GR003031,ground,signup_no_sticker,1682959373.168869
GR003284,ground,safety_entered,1682959424.681887
GR003031,ground,safety_entered,1682959435.42238
GR003284,ground,auto_reset_agent,1682959544.063329
GR003090,ground,robot_off_track,1682959644.557167
GR003090,ground,auto_reset_agent,1682959644.578946
GR003090,ground,following_y_error_during_movement,1682959664.968442
GR003090,ground,signup_no_sticker,1682959665.023232
LR00002113,lift,auto_reset_agent,1682959711.324464
LR00002120,lift,auto_reset_agent,1682959713.342885
LR00002282,lift,auto_reset_agent,1682959715.355126
LR00002267,lift,auto_reset_agent,1682959717.043675
LR00002288,lift,auto_reset_agent,1682959718.397053
GR003221,ground,safety_entered,1682960214.859971
GR003221,ground,missing_sticker,1682960216.980219
GR003090,ground,safety_entered,1682960238.030559
GR003090,ground,robot_restarted,1682960238.461689
GR003090,ground,auto_reset_agent,1682960238.479247
GR003090,ground,reset_agent_by_user,1682960287.569609
GR003221,ground,reset_agent_by_user,1682960292.846126
LR00002111,lift,auto_reset_agent,1682960990.499863
LR00002254,lift,auto_reset_agent,1682960992.607731
LR00002287,lift,auto_reset_agent,1682960993.944706
LR00002100,lift,auto_reset_agent,1682960995.465016
LR00002111,lift,auto_reset_agent,1682961053.128723
GR003227,ground,periodic_goto_timeout,1682963837.4469
GR003227,ground,auto_reset_agent,1682963837.469332
GR003156,ground,ground_not_responding,1682964472.9759
GR003156,ground,robot_restarted,1682964490.463017
GR003156,ground,auto_reset_agent,1682964490.482688
GR003282,ground,auto_reset_agent,1682967992.521706
GR003297,ground,goto_finished_off_sticker,1682968002.027205
GR003297,ground,corners_cv_started,1682968002.699125
GR003227,ground,reset_agent_by_user,1682968094.663049
LR00002166,lift,reset_agent_by_user,1682968121.831882
LR00002166,lift,not_allowed_new_target_in_both_axes_y_and_z,1682968156.115253
LR00002166,lift,reset_agent_by_user,1682968165.275896
LR00002166,lift,no_current_while_charging,1682968234.557933
LR00002166,lift,reset_agent_by_user,1682968307.064352
LR00002166,lift,reset_agent_by_user,1682968418.946041
GR003141,ground,goto_finished_off_sticker,1682968434.666634
GR003141,ground,corners_cv_started,1682968434.710383
GR003141,ground,goto_started_off_sticker,1682968497.056806
LR00002166,lift,reset_agent_by_user,1682968565.714282
GR003212,ground,goto_finished_off_sticker,1682968622.297199
GR003212,ground,corners_cv_started,1682968622.358605
GR003212,ground,corners_cv_succeeded,1682968622.719583
GR003264,ground,goto_finished_off_sticker,1682968671.840728
GR003264,ground,corners_cv_started,1682968671.877918
GR003264,ground,goto_started_off_sticker,1682968693.102713
GR003051,ground,goto_finished_off_sticker,1682968698.054144
GR003051,ground,corners_cv_started,1682968698.095659
GR003051,ground,goto_started_off_sticker,1682968711.574387
GR003158,ground,goto_finished_off_sticker,1682968725.994244
GR003158,ground,corners_cv_started,1682968726.015927
GR003215,ground,goto_finished_off_sticker,1682968753.272368
GR003215,ground,corners_cv_started,1682968753.328066
GR003215,ground,goto_started_off_sticker,1682968783.252542
GR003186,ground,goto_finished_off_sticker,1682968787.78218
GR003186,ground,corners_cv_started,1682968787.800405
GR003171,ground,goto_finished_off_sticker,1682968810.751512
GR003171,ground,corners_cv_started,1682968810.767113
GR003171,ground,goto_started_off_sticker,1682968911.24048
GR003243,ground,goto_finished_off_sticker,1682968915.952915
GR003243,ground,corners_cv_started,1682968915.976471
GR003243,ground,goto_started_off_sticker,1682968917.502821
GR003156,ground,goto_finished_off_sticker,1682968922.712692
GR003156,ground,corners_cv_started,1682968923.344824
GR003156,ground,corners_cv_succeeded,1682968923.348125
GR003202,ground,goto_finished_off_sticker,1682968948.907167
GR003202,ground,corners_cv_started,1682968948.921839
GR003202,ground,corners_cv_succeeded,1682968948.952354
GR003202,ground,corners_cv_irrelevant,1682968948.967881
GR003294,ground,turn_timeout,1682969020.450991
GR003294,ground,auto_reset_agent,1682969021.621166
GR003294,ground,read_data_matrix_timeout,1682969094.945811
GR003202,ground,goto_started_off_sticker,1682970519.996243
GR003082,ground,goto_finished_off_sticker,1682970523.971214
GR003082,ground,corners_cv_started,1682970524.002724
GR003082,ground,corners_cv_succeeded,1682970524.088096
GR003185,ground,goto_finished_off_sticker,1682970554.744512
GR003185,ground,corners_cv_started,1682970554.766169
GR003185,ground,goto_started_off_sticker,1682970554.773546
GR003185,ground,corners_cv_succeeded,1682970554.927587
GR003185,ground,corners_cv_irrelevant,1682970555.002697
GR003242,ground,goto_finished_off_sticker,1682970560.883586
GR003242,ground,corners_cv_started,1682970560.970866
GR003242,ground,goto_started_off_sticker,1682970560.980128
GR003179,ground,goto_finished_off_sticker,1682970770.424255
GR003179,ground,corners_cv_started,1682970770.446363
GR003179,ground,corners_cv_succeeded,1682970770.507575
GR003179,ground,corners_cv_irrelevant,1682970770.569353
GR003179,ground,goto_started_off_sticker,1682970800.098021
GR003284,ground,goto_finished_off_sticker,1682970981.007963
GR003284,ground,corners_cv_started,1682970981.037359
GR003284,ground,corners_cv_succeeded,1682970981.889987
GR003102,ground,goto_finished_off_sticker,1682971069.193589
GR003102,ground,corners_cv_started,1682971069.263257
GR003102,ground,corners_cv_succeeded,1682971069.353281
GR003102,ground,corners_cv_irrelevant,1682971069.393981
GR003102,ground,goto_started_off_sticker,1682971071.500521
GR003102,ground,missing_sticker,1682971072.509665
GR003102,ground,goto_finished_off_sticker,1682971141.759696
GR003102,ground,corners_cv_started,1682971141.778191
GR003102,ground,goto_started_off_sticker,1682971144.920907
GR003102,ground,missing_sticker,1682971145.914155
GR003102,ground,goto_finished_off_sticker,1682971229.901076
GR003102,ground,corners_cv_started,1682971229.946767
GR003102,ground,goto_started_off_sticker,1682971256.611285
GR003229,ground,goto_finished_off_sticker,1682971384.079123
GR003229,ground,corners_cv_started,1682971384.947352
GR003229,ground,corners_cv_succeeded,1682971384.955354
GR003229,ground,corners_cv_irrelevant,1682971385.370342
GR003229,ground,goto_started_off_sticker,1682971565.311491
GR003229,ground,missing_sticker,1682971566.326852
GR003067,ground,goto_finished_off_sticker,1682971570.594303
GR003067,ground,corners_cv_started,1682971570.615913
GR003067,ground,goto_started_off_sticker,1682971639.286109
GR003181,ground,goto_finished_off_sticker,1682971644.408371
GR003181,ground,corners_cv_started,1682971644.429466
GR003181,ground,corners_cv_succeeded,1682971645.370187
GR003181,ground,corners_cv_irrelevant,1682971645.381342
GR003181,ground,goto_started_off_sticker,1682971720.977085
GR003252,ground,goto_finished_off_sticker,1682971726.303905
GR003252,ground,corners_cv_started,1682971726.323584
GR003252,ground,corners_cv_succeeded,1682971726.329267
GR003252,ground,corners_cv_irrelevant,1682971726.337219
GR003252,ground,goto_started_off_sticker,1682971761.709786
GR003199,ground,goto_finished_off_sticker,1682971767.838946
GR003199,ground,corners_cv_started,1682971767.896492
GR003199,ground,corners_cv_succeeded,1682971767.926942
GR003199,ground,corners_cv_irrelevant,1682971767.946667
GR003199,ground,goto_started_off_sticker,1682971831.318223
GR003165,ground,turn_timeout,1682971834.445798
GR003165,ground,auto_reset_agent,1682971836.547709
GR003298,ground,goto_finished_off_sticker,1682971889.063714
GR003298,ground,corners_cv_started,1682971889.271044
GR003298,ground,goto_started_off_sticker,1682971914.845767
GR003298,ground,missing_sticker,1682971915.850438
GR003083,ground,goto_finished_off_sticker,1682971920.381641
GR003083,ground,corners_cv_started,1682971920.39823
GR003083,ground,goto_started_off_sticker,1682971941.790692
GR003199,ground,goto_finished_off_sticker,1682972024.422758
GR003199,ground,corners_cv_started,1682972024.44246
GR003295,ground,goto_finished_off_sticker,1682972255.663783
GR003295,ground,corners_cv_started,1682972255.681335
GR003295,ground,corners_cv_succeeded,1682972255.808186
GR003158,ground,goto_finished_off_sticker,1682972363.454955
GR003158,ground,corners_cv_started,1682972363.483021
GR003158,ground,goto_started_off_sticker,1682972405.260932
GR003227,ground,auto_reset_agent,1682972427.831194
GR003260,ground,goto_finished_off_sticker,1682972436.017726
GR003260,ground,corners_cv_started,1682972436.344365
GR003260,ground,corners_cv_succeeded,1682972436.405549
GR003260,ground,corners_cv_irrelevant,1682972436.458606
GR003260,ground,goto_started_off_sticker,1682972518.107606
GR003062,ground,goto_finished_off_sticker,1682972522.329085
GR003062,ground,corners_cv_started,1682972522.342354
GR003062,ground,corners_cv_succeeded,1682972522.656566
GR003062,ground,corners_cv_irrelevant,1682972522.66422
GR003275,ground,turn_timeout,1682972571.360018
GR003062,ground,goto_started_off_sticker,1682972572.908728
GR003275,ground,auto_reset_agent,1682972573.405607
GR003062,ground,missing_sticker,1682972573.919029
GR003161,ground,goto_finished_off_sticker,1682972578.419595
GR003161,ground,corners_cv_started,1682972578.50189
GR003161,ground,goto_started_off_sticker,1682972640.611836
GR003176,ground,goto_finished_off_sticker,1682972644.922393
GR003176,ground,corners_cv_started,1682972645.523875
GR003206,ground,reset_agent_by_user,1682972651.000673
GR003176,ground,goto_started_off_sticker,1682972668.364331
GR003206,ground,tote_mismatch_error,1682972706.481028
GR003264,ground,goto_finished_off_sticker,1682972707.582824
GR003264,ground,corners_cv_started,1682972707.598151
GR003264,ground,goto_started_off_sticker,1682972715.118609
GR003154,ground,goto_finished_off_sticker,1682972762.923299
GR003154,ground,corners_cv_started,1682972762.947128
GR003154,ground,corners_cv_succeeded,1682972764.03584
GR003154,ground,corners_cv_irrelevant,1682972764.049191
GR003154,ground,goto_started_off_sticker,1682972792.320716
GR003177,ground,goto_finished_off_sticker,1682972875.054416
GR003177,ground,corners_cv_started,1682972875.078918
GR003177,ground,corners_cv_succeeded,1682972875.258617
GR003177,ground,corners_cv_irrelevant,1682972875.300996
GR003177,ground,goto_started_off_sticker,1682972936.83098
GR003177,ground,missing_sticker,1682972937.830579
GR003190,ground,goto_finished_off_sticker,1682972940.762779
GR003190,ground,corners_cv_started,1682972940.781285
GR003190,ground,corners_cv_succeeded,1682972941.617305
GR003190,ground,corners_cv_irrelevant,1682972941.6625
GR003206,ground,auto_reset_agent,1682972964.516537
GR003190,ground,goto_started_off_sticker,1682973070.734271
GR003242,ground,goto_finished_off_sticker,1682973766.911027
GR003242,ground,corners_cv_started,1682973766.941913
GR003242,ground,goto_started_off_sticker,1682973798.532019
GR003275,ground,turn_timeout,1682974000.217166
GR003275,ground,auto_reset_agent,1682974000.315072
GR003275,ground,robot_version_timeout,1682974027.957381
GR003275,ground,read_data_matrix_timeout,1682974079.454372
GR003250,ground,missing_sticker,1682974375.301492
LR00002114,lift,driver_error,1682976340.074786
GR003298,ground,goto_finished_off_sticker,1682976855.985541
GR003298,ground,corners_cv_started,1682976856.336855
GR003298,ground,corners_cv_succeeded,1682976857.040023
LR00002254,lift,reset_agent_by_user,1682977202.916762
GR003165,ground,periodic_goto_timeout,1682978172.372417
GR003165,ground,auto_reset_agent,1682978172.854835
LR00002114,lift,auto_reset_agent,1682978193.677373
LR00002114,lift,conveyor_not_success_to_pull_the_tote_to_the_outer_sensor_while_loading,1682978571.307774
GR003280,ground,goto_finished_off_sticker,1682978716.143393
GR003280,ground,corners_cv_started,1682978716.871905
GR003212,ground,missing_sticker,1682978761.755736
LR00002221,lift,auto_reset_agent,1682978860.198564
LR00002221,lift,auto_reset_agent,1682979250.309802
LR00002221,lift,auto_reset_agent,1682979623.435365
GR003165,ground,periodic_goto_timeout,1682979887.910594
GR003165,ground,auto_reset_agent,1682979888.454336
GR003165,ground,read_data_matrix_timeout,1682979954.901901
LR00002221,lift,auto_reset_agent,1682979972.20507
LR00002114,lift,auto_reset_agent,1682980076.958812
LR00002114,lift,driver_error,1682980104.734637
LR00002114,lift,lift_not_responding,1682981477.412774
LR00002114,lift,auto_reset_agent,1682982193.470517
LR00002114,lift,driver_error,1682982723.487968
LR00002288,lift,actuator_can_not_lock,1682983052.682256
LR00002087,lift,auto_reset_agent,1682983794.506294
LR00002087,lift,reset_agent_by_user,1682983914.05348
LR00002221,lift,auto_reset_agent,1682984011.097105
LR00002093,lift,auto_reset_agent,1682984013.678771
LR00002265,lift,auto_reset_agent,1682984016.289949
LR00002114,lift,robot_off_track,1682984032.793003
LR00002114,lift,auto_reset_agent,1682984032.854652
GR003230,ground,reset_agent_by_user,1682984081.144019
GR003172,ground,reset_agent_by_user,1682984083.116302
GR003031,ground,reset_agent_by_user,1682984087.328376
GR003051,ground,reset_agent_by_user,1682984088.101576
LR00002087,lift,auto_reset_agent,1682984095.007481
GR003297,ground,goto_finished_off_sticker,1682984248.396489
GR003297,ground,corners_cv_started,1682984248.969765
GR003297,ground,goto_started_off_sticker,1682984344.818336
GR003215,ground,goto_finished_off_sticker,1682984349.664317
GR003215,ground,corners_cv_started,1682984350.633461
GR003137,ground,reset_agent_by_user,1682984397.025266
GR003277,ground,goto_finished_off_sticker,1682984415.669335
GR003277,ground,corners_cv_started,1682984416.597236
GR003137,ground,reset_agent_by_user,1682984428.427636
LR00002288,lift,auto_reset_agent,1682984605.083397
GR003275,ground,periodic_goto_timeout,1682984715.974924
GR003275,ground,auto_reset_agent,1682984716.206029
GR003275,ground,blink_on_sticker_timeout,1682984748.691502
LR00002288,lift,actuator_can_not_lock,1682984855.142089
LR00002288,lift,reset_agent_by_user,1682985030.086233
GR003227,ground,turn_timeout,1682986433.35425
GR003227,ground,auto_reset_agent,1682986435.550924
GR003227,ground,auto_reset_agent,1682987777.291697
GR003242,ground,missing_sticker,1682989486.205622
GR003171,ground,auto_reset_agent,1682990322.750975
GR003244,ground,safety_entered,1682991179.296566
GR003244,ground,robot_restarted,1682991180.759749
GR003244,ground,auto_reset_agent,1682991180.780382
GR003295,ground,goto_finished_off_sticker,1682993130.344221
GR003295,ground,corners_cv_started,1682993130.353888
GR003295,ground,goto_started_off_sticker,1682993160.622916
GR003294,ground,turn_timeout,1682993793.3126
GR003294,ground,auto_reset_agent,1682993793.400544
GR003294,ground,turn_timeout,1682994325.295978
GR003294,ground,auto_reset_agent,1682994327.377527
GR003165,ground,turn_timeout,1682994429.512287
GR003165,ground,auto_reset_agent,1682994431.079289
GR003165,ground,read_data_matrix_timeout,1682994506.152619
GR003295,ground,goto_finished_off_sticker,1682994920.445732
GR003295,ground,corners_cv_started,1682994920.461069
GR003295,ground,goto_started_off_sticker,1682995006.186706
GR003179,ground,conflicting_tote_switch,1683000428.311549
GR003179,ground,auto_reset_agent,1683000430.838489
GR003275,ground,turn_timeout,1683001033.729416
GR003275,ground,auto_reset_agent,1683001034.183387
GR003160,ground,conflicting_tote_switch,1683001159.67711
GR003160,ground,auto_reset_agent,1683001162.088175
GR003227,ground,robot_restarted,1683002710.02062
GR003227,ground,auto_reset_agent,1683002710.069048
LR00002114,lift,full_home_needed,1683003012.068944
GR003295,ground,goto_finished_off_sticker,1683005269.552846
GR003295,ground,corners_cv_started,1683005269.565051
GR003295,ground,corners_cv_succeeded,1683005269.604929
GR003266,ground,goto_finished_off_sticker,1683006049.317545
GR003266,ground,corners_cv_started,1683006049.349925
GR003266,ground,goto_started_off_sticker,1683006262.754619
GR003291,ground,goto_finished_off_sticker,1683006325.69231
GR003291,ground,corners_cv_started,1683006325.722115
GR003291,ground,corners_cv_succeeded,1683006325.884549
GR003263,ground,goto_finished_off_sticker,1683006639.447982
GR003263,ground,corners_cv_started,1683006639.691865
GR003263,ground,corners_cv_succeeded,1683006639.995827
GR003277,ground,missing_sticker,1683006756.421179
GR003229,ground,missing_sticker,1683006990.992871
GR003297,ground,missing_sticker,1683007016.79546
GR003192,ground,robot_off_track,1683007055.730998
GR003192,ground,auto_reset_agent,1683007055.995815
GR003192,ground,signup_no_sticker,1683007079.290309
GR003215,ground,missing_sticker,1683007247.331726
GR003215,ground,missing_sticker,1683007248.381848
GR003192,ground,signup_no_sticker,1683007260.423799
GR003215,ground,safety_entered,1683007261.156026
GR003215,ground,missing_stickers,1683007261.672406
GR003215,ground,read_data_matrix_timeout,1683007306.587033
GR003215,ground,robot_location_unknown,1683007315.887069
GR003215,ground,auto_reset_agent,1683007316.151554
GR003192,ground,reset_agent_by_user,1683007394.438901
GR003121,ground,reset_agent_by_user,1683008527.418357
GR003141,ground,reset_agent_by_user,1683008529.315411
GR003158,ground,reset_agent_by_user,1683008534.439711
GR003170,ground,reset_agent_by_user,1683008537.570982
GR003157,ground,reset_agent_by_user,1683008540.944098
GR003195,ground,reset_agent_by_user,1683008543.291132
GR003179,ground,auto_reset_agent,1683008657.739557
GR003160,ground,auto_reset_agent,1683008663.638592
GR003158,ground,reset_agent_by_user,1683008670.70382
GR003121,ground,reset_agent_by_user,1683008673.41243
GR003158,ground,auto_reset_agent,1683008704.369402
GR003245,ground,auto_reset_agent,1683008729.816929
GR003227,ground,turn_timeout,1683009008.698865
GR003227,ground,auto_reset_agent,1683009008.918363
GR003227,ground,validate_sticker_timeout,1683009049.584695
GR003280,ground,missing_sticker,1683009255.379145
GR003223,ground,missing_sticker,1683009906.280857
GR003227,ground,turn_timeout,1683010404.105029
GR003227,ground,auto_reset_agent,1683010404.274649
GR003223,ground,goto_finished_off_sticker,1683010487.483979
GR003223,ground,corners_cv_started,1683010488.522146
GR003223,ground,corners_cv_succeeded,1683010488.589466
GR003223,ground,corners_cv_irrelevant,1683010488.61648
GR003174,ground,robot_off_track,1683010663.338759
GR003174,ground,auto_reset_agent,1683010664.129656
GR003174,ground,robot_version_timeout,1683010715.983344
GR003174,ground,robot_version_timeout,1683010725.984309
GR003174,ground,robot_version_timeout,1683010735.983219
GR003174,ground,auto_reset_agent,1683010736.677983
GR003298,ground,missing_sticker,1683010792.336343
GR003174,ground,robot_restarted,1683010910.235438
GR003174,ground,auto_reset_agent,1683010910.936141
GR003174,ground,set_pose_timeout,1683010934.560395
GR003174,ground,offline,1683011169.759348
GR003282,ground,missing_sticker,1683011317.255024
GR003174,ground,safety_entered,1683011320.787945
GR003174,ground,robot_restarted,1683011321.811281
GR003174,ground,auto_reset_agent,1683011322.326961
GR003174,ground,reset_agent_by_user,1683011459.282743
GR003207,ground,missing_sticker,1683012491.875766
GR003162,ground,robot_off_track,1683012529.18835
GR003162,ground,auto_reset_agent,1683012529.322834
GR003162,ground,signup_no_sticker,1683012547.528002
GR003247,ground,goto_finished_off_sticker,1683012582.942559
GR003247,ground,corners_cv_started,1683012583.108632
GR003247,ground,corners_cv_succeeded,1683012583.217282
GR003247,ground,corners_cv_irrelevant,1683012583.289471
GR003266,ground,missing_sticker,1683012588.202851
GR003162,ground,signup_no_sticker,1683012748.499538
GR003162,ground,reset_agent_by_user,1683012754.797404
GR003162,ground,signup_no_sticker,1683012758.577656
GR003162,ground,safety_entered,1683012810.834204
GR003119,ground,missing_sticker,1683012914.115918
GR003270,ground,reset_agent_by_user,1683013563.452553
GR003264,ground,reset_agent_by_user,1683013570.818889
GR003251,ground,reset_agent_by_user,1683013573.521538
GR003153,ground,reset_agent_by_user,1683013575.718192
GR003227,ground,reset_agent_by_user,1683013582.382058
GR003298,ground,missing_sticker,1683013733.966088
GR003227,ground,ground_not_responding,1683014778.840328
GR003227,ground,robot_restarted,1683014781.502472
GR003227,ground,auto_reset_agent,1683014781.523901
GR003223,ground,missing_sticker,1683014926.780181
GR003287,ground,missing_sticker,1683015511.856564
GR003297,ground,goto_finished_off_sticker,1683015671.824337
GR003297,ground,corners_cv_started,1683015671.845799
GR003297,ground,goto_started_off_sticker,1683015674.930295
GR003212,ground,goto_finished_off_sticker,1683015707.430972
GR003212,ground,corners_cv_started,1683015707.447596
GR003212,ground,goto_started_off_sticker,1683015707.733984
GR003165,ground,periodic_goto_timeout,1683017847.0309
GR003165,ground,auto_reset_agent,1683017847.048201
GR003165,ground,read_data_matrix_timeout,1683017910.556625
LR00002267,lift,auto_reset_agent,1683018385.006746
LR00002113,lift,auto_reset_agent,1683018454.623587
GR003295,ground,missing_sticker,1683018643.345661
GR003202,ground,missing_sticker,1683018712.648798
GR003290,ground,missing_sticker,1683019212.597844
LR00002113,lift,auto_reset_agent,1683019393.030867
GR003227,ground,turn_timeout,1683019944.088511
GR003227,ground,auto_reset_agent,1683019946.12429
GR003188,ground,safety_entered,1683019989.089351
GR003188,ground,robot_restarted,1683019989.316348
GR003188,ground,auto_reset_agent,1683019989.338168
GR003188,ground,auto_reset_agent,1683020032.59324
GR003275,ground,turn_timeout,1683020134.439855
GR003275,ground,auto_reset_agent,1683020134.493195
GR003298,ground,missing_sticker,1683020178.128335
LR00002120,lift,auto_reset_agent,1683020214.058651
GR003215,ground,goto_finished_off_sticker,1683021025.724782
GR003215,ground,corners_cv_started,1683021026.467921
LR00002112,lift,tote_slipped_on_conveyors_while_unloading_to_su_seen_by_outer_sensor,1683021374.377788
LR00002112,lift,auto_reset_agent,1683021710.123728
LR00002282,lift,auto_reset_agent,1683021836.525218
GR003297,ground,goto_finished_off_sticker,1683023607.090952
GR003248,ground,missing_sticker,1683023851.86383
LR00002113,lift,auto_reset_agent,1683024118.074809
LR00002113,lift,auto_reset_agent,1683024441.48097
LR00002113,lift,auto_reset_agent,1683025072.434123
LR00002113,lift,auto_reset_agent,1683025401.923782
GR003264,ground,missing_sticker,1683025473.170165
LR00002113,lift,auto_reset_agent,1683025939.021774
LR00002113,lift,auto_reset_agent,1683026263.536809
LR00002113,lift,auto_reset_agent,1683027107.117793
LR00002113,lift,auto_reset_agent,1683027428.431302
LR00002288,lift,reset_agent_by_user,1683027493.834525
GR003203,ground,safety_entered,1683027923.336985
GR003203,ground,robot_restarted,1683027924.701174
GR003203,ground,auto_reset_agent,1683027924.776592
GR003203,ground,signup_no_sticker,1683027946.507638
GR003203,ground,ground_not_responding,1683028016.423021
GR003203,ground,read_data_matrix_timeout,1683028036.279058
GR003203,ground,reset_agent_by_user,1683028092.043767
GR003202,ground,missing_sticker,1683028567.86834
GR003080,ground,missing_sticker,1683028688.400363
GR003076,ground,missing_sticker,1683028798.679566
